--Staff--
INSERT INTO MsStaff VALUES ('ST001', 'Angela Lumina Sanjaya', 'Jalan U no. 1', 'Female', '1600000')
INSERT INTO MsStaff VALUES ('ST002', 'Baxia', 'Jalan U no. 2', 'Male', '1900000')
INSERT INTO MsStaff VALUES ('ST003', 'Cyclop Herlambang', 'Jalan U no. 3', 'Male', '2000000')
INSERT INTO MsStaff VALUES ('ST004', 'Dyrroth', 'Jalan U no. 4', 'Male', '2600000')
INSERT INTO MsStaff VALUES ('ST005', 'Esmeralda Riadi Budiman', 'Jalan U no. 5', 'Female', '2100000')
INSERT INTO MsStaff VALUES ('ST006', 'Fanny', 'Jalan U no. 6', 'Female', '1700000')
INSERT INTO MsStaff VALUES ('ST007', 'Gord Hidayat', 'Jalan U no. 7', 'Male', '2300000')
INSERT INTO MsStaff VALUES ('ST008', 'Hilda Rudi Febriansyah', 'Jalan U no. 8', 'Female', '2500000')
INSERT INTO MsStaff VALUES ('ST009', 'Irithel Candra', 'Jalan U no. 9', 'Female', '2900000')
INSERT INTO MsStaff VALUES ('ST010', 'Jawhead Christian', 'Jalan U no. 10', 'Male', '2200000')
INSERT INTO MsStaff VALUES ('ST011', 'Omega Budinandra', 'Jalan U no. 11', 'Female', '2630000')

--Material--
INSERT INTO MsMaterial VALUES ('MA001', 'Detergen 1 Liter', 'Supplies', '30000')
INSERT INTO MsMaterial VALUES ('MA002', 'Kantong Plastik 1 Pak', 'Supplies', '40000')
INSERT INTO MsMaterial VALUES ('MA003', 'Buku Nota 1 Pak', 'Supplies', '20000')
INSERT INTO MsMaterial VALUES ('MA004', 'Plastik Laundry 1 Pak', 'Supplies', '1000000')
INSERT INTO MsMaterial VALUES ('MA005', 'Pewangi 1 Liter', 'Supplies', '35000')
INSERT INTO MsMaterial VALUES ('MA006', 'Mesin Cuci', 'Equipment', '3000000')
INSERT INTO MsMaterial VALUES ('MA007', 'Dryer', 'Equipment', '5000000')
INSERT INTO MsMaterial VALUES ('MA008', 'Setrika', 'Equipment', '300000')
INSERT INTO MsMaterial VALUES ('MA009', 'Timbangan', 'Equipment', '200000')
INSERT INTO MsMaterial VALUES ('MA010', 'Gantungan Baju 1 Set', 'Equipment', '25000')

--Vendor--
INSERT INTO MsVendor VALUES ('VE001', 'CV. Sejahtera Keluarga', 'Jalan K.H. Syahdan no. 99', '087812345678')
INSERT INTO MsVendor VALUES ('VE002', 'PT. Budi Bersama', 'Jalan K.H. Syahdan no. 98', '087812345679')
INSERT INTO MsVendor VALUES ('VE003', 'CV. Suci Karya', 'Jalan K.H. Syahdan no. 97', '087812345680')
INSERT INTO MsVendor VALUES ('VE004', 'Toko Sutra Jaya', 'Jalan K.H. Syahdan no. 96', '087812345681')
INSERT INTO MsVendor VALUES ('VE005', 'PT. Karya Bersama', 'Jalan K.H. Syahdan no. 95', '087812345682')
INSERT INTO MsVendor VALUES ('VE006', 'CV. UDKK', 'Jalan K.H. Syahdan no. 94', '087812345683')
INSERT INTO MsVendor VALUES ('VE007', 'CV. Makmur Abadi', 'Jalan K.H. Syahdan no. 93', '087812345684')
INSERT INTO MsVendor VALUES ('VE008', 'PT. Sumber Rejeki', 'Jalan K.H. Syahdan no. 92', '087812345685')
INSERT INTO MsVendor VALUES ('VE009', 'Toko Jaya', 'Jalan K.H. Syahdan no. 91', '087812345686')
INSERT INTO MsVendor VALUES ('VE010', 'Toko Pacific', 'Jalan K.H. Syahdan no. 90', '087812345687')

--Customer--
INSERT INTO MsCustomer VALUES ('CU001', 'King Mahardika', 'Jalan Sandang no. 50', 'Male', '02-January-2000')
INSERT INTO MsCustomer VALUES ('CU002', 'Lita Silvani', 'Jalan Sandang no. 51', 'Female', '31-March-1995')
INSERT INTO MsCustomer VALUES ('CU003', 'Mona Gunawan Chandra', 'Jalan Sandang no. 52', 'Male', '25-December-2001')
INSERT INTO MsCustomer VALUES ('CU004', 'Nana Kirana', 'Jalan Sandang no. 53', 'Female', '14-July-1985')
INSERT INTO MsCustomer VALUES ('CU005', 'Okto Ryza Savier', 'Jalan Sandang no. 54', 'Male', '21-October-1992')
INSERT INTO MsCustomer VALUES ('CU006', 'Pina', 'Jalan Sandang no. 55', 'Female', '09-February-1999')
INSERT INTO MsCustomer VALUES ('CU007', 'Qistan', 'Jalan Sandang no. 56', 'Female', '30-April-2001')
INSERT INTO MsCustomer VALUES ('CU008', 'Reno Putra Jaya', 'Jalan Sandang no. 57', 'Male', '01-September-2000')
INSERT INTO MsCustomer VALUES ('CU009', 'Stuard', 'Jalan Sandang no. 58', 'Male', '28-November-1989')
INSERT INTO MsCustomer VALUES ('CU010', 'Torres Ragil Jaya', 'Jalan Sandang no. 59', 'Male', '13-June-1994')

--Clothes--
INSERT INTO MsClothes VALUES ('CL001', 'Jaket', 'Wool')
INSERT INTO MsClothes VALUES ('CL002', 'Kemeja', 'Cotton')
INSERT INTO MsClothes VALUES ('CL003', 'Kaos', 'Viscose')
INSERT INTO MsClothes VALUES ('CL004', 'Seprei', 'Polyester')
INSERT INTO MsClothes VALUES ('CL005', 'Celana Panjang', 'Linen')
INSERT INTO MsClothes VALUES ('CL006', 'Jeans', 'Polyester')
INSERT INTO MsClothes VALUES ('CL007', 'Celana Pendek', 'Linen')
INSERT INTO MsClothes VALUES ('CL008', 'Rok', 'Viscose')
INSERT INTO MsClothes VALUES ('CL009', 'Selimut', 'Wool')
INSERT INTO MsClothes VALUES ('CL010', 'Sweater', 'Cotton')

--PurchaseTransaction--
INSERT INTO PurchaseTransaction VALUES ('PU001', 'ST010', 'VE001', '09-November-2019')
INSERT INTO PurchaseTransaction VALUES ('PU002', 'ST009', 'VE002', '01-January-2019')
INSERT INTO PurchaseTransaction VALUES ('PU003', 'ST008', 'VE003', '20-May-2019')
INSERT INTO PurchaseTransaction VALUES ('PU004', 'ST007', 'VE004', '16-February-2019')
INSERT INTO PurchaseTransaction VALUES ('PU005', 'ST006', 'VE005', '23-July-2019')
INSERT INTO PurchaseTransaction VALUES ('PU006', 'ST005', 'VE006', '21-September-2019')
INSERT INTO PurchaseTransaction VALUES ('PU007', 'ST004', 'VE007', '05-April-2019')
INSERT INTO PurchaseTransaction VALUES ('PU008', 'ST003', 'VE008', '30-May-2019')
INSERT INTO PurchaseTransaction VALUES ('PU009', 'ST002', 'VE009', '02-August-2019')
INSERT INTO PurchaseTransaction VALUES ('PU010', 'ST001', 'VE010', '31-January-2019')
INSERT INTO PurchaseTransaction VALUES ('PU011', 'ST010', 'VE010', '28-September-2019')
INSERT INTO PurchaseTransaction VALUES ('PU012', 'ST009', 'VE009', '02-March-2019')
INSERT INTO PurchaseTransaction VALUES ('PU013', 'ST008', 'VE008', '15-April-2019')
INSERT INTO PurchaseTransaction VALUES ('PU014', 'ST007', 'VE007', '16-February-2019')
INSERT INTO PurchaseTransaction VALUES ('PU015', 'ST006', 'VE006', '29-June-2019')
INSERT INTO PurchaseTransaction VALUES ('PU016', 'ST005', 'VE005', '04-October-2019')
INSERT INTO PurchaseTransaction VALUES ('PU017', 'ST004', 'VE004', '21-May-2019')
INSERT INTO PurchaseTransaction VALUES ('PU018', 'ST003', 'VE003', '12-August-2019')
INSERT INTO PurchaseTransaction VALUES ('PU019', 'ST002', 'VE002', '08-October-2019')
INSERT INTO PurchaseTransaction VALUES ('PU020', 'ST001', 'VE001', '01-February-2019')
INSERT INTO PurchaseTransaction VALUES ('PU021', 'ST006', 'VE005', '23-July-2019')
INSERT INTO PurchaseTransaction VALUES ('PU022', 'ST002', 'VE008', '07-January-2019')
INSERT INTO PurchaseTransaction VALUES ('PU023', 'ST011', 'VE007', '05-July-2019')
INSERT INTO PurchaseTransaction VALUES ('PU024', 'ST011', 'VE008', '05-July-2019')
INSERT INTO PurchaseTransaction VALUES ('PU025', 'ST011', 'VE001', '05-July-2019')

--ServiceTransaction--
INSERT INTO ServiceTransaction VALUES ('SR001', 'ST001', 'CU010', '21-September-2019', 'Laundry service', '5000')
INSERT INTO ServiceTransaction VALUES ('SR002', 'ST002', 'CU009', '01-October-2019', 'Laundry service', '5000')
INSERT INTO ServiceTransaction VALUES ('SR003', 'ST003', 'CU008', '15-June-2019', 'Dry Cleaning Service', '10000')
INSERT INTO ServiceTransaction VALUES ('SR004', 'ST004', 'CU007', '31-May-2019', 'Ironing Service', '7000')
INSERT INTO ServiceTransaction VALUES ('SR005', 'ST005', 'CU006', '24-April-2019', 'Laundry service', '5000')
INSERT INTO ServiceTransaction VALUES ('SR006', 'ST006', 'CU005', '04-November-2019', 'Dry Cleaning Service', '10000')
INSERT INTO ServiceTransaction VALUES ('SR007', 'ST007', 'CU004', '30-January-2019', 'Ironing Service', '7000')
INSERT INTO ServiceTransaction VALUES ('SR008', 'ST008', 'CU003', '18-July-2019', 'Ironing Service', '7000')
INSERT INTO ServiceTransaction VALUES ('SR009', 'ST009', 'CU002', '02-July-2019', 'Laundry service', '5000')
INSERT INTO ServiceTransaction VALUES ('SR010', 'ST010', 'CU001', '29-August-2019', 'Dry Cleaning Service', '10000')
INSERT INTO ServiceTransaction VALUES ('SR011', 'ST010', 'CU010', '19-August-2019', 'Ironing Service', '7000')
INSERT INTO ServiceTransaction VALUES ('SR012', 'ST009', 'CU009', '28-November-2019', 'Dry Cleaning Service', '10000')
INSERT INTO ServiceTransaction VALUES ('SR013', 'ST008', 'CU008', '21-September-2019', 'Laundry service', '5000')
INSERT INTO ServiceTransaction VALUES ('SR014', 'ST007', 'CU007', '15-May-2019', 'Dry Cleaning Service', '10000')
INSERT INTO ServiceTransaction VALUES ('SR015', 'ST006', 'CU006', '13-October-2019', 'Ironing Service', '7000')
INSERT INTO ServiceTransaction VALUES ('SR016', 'ST005', 'CU005', '11-January-2019', 'Ironing Service', '7000')
INSERT INTO ServiceTransaction VALUES ('SR017', 'ST004', 'CU004', '31-March-2019', 'Laundry service', '5000')
INSERT INTO ServiceTransaction VALUES ('SR018', 'ST003', 'CU003', '07-October-2019', 'Ironing Service', '7000')
INSERT INTO ServiceTransaction VALUES ('SR019', 'ST002', 'CU002', '09-November-2019', 'Ironing Service', '7000')
INSERT INTO ServiceTransaction VALUES ('SR020', 'ST001', 'CU001', '20-May-2019', 'Laundry service', '5000')

--DetailPurchaseTransaction--
INSERT INTO DetailPurchaseTransaction VALUES ('PU001', 'MA002', 5)
INSERT INTO DetailPurchaseTransaction VALUES ('PU001', 'MA003', 4)
INSERT INTO DetailPurchaseTransaction VALUES ('PU001', 'MA008', 1)
INSERT INTO DetailPurchaseTransaction VALUES ('PU002', 'MA001', 10)
INSERT INTO DetailPurchaseTransaction VALUES ('PU002', 'MA005', 10)
INSERT INTO DetailPurchaseTransaction VALUES ('PU003', 'MA002', 3)
INSERT INTO DetailPurchaseTransaction VALUES ('PU003', 'MA004', 3)
INSERT INTO DetailPurchaseTransaction VALUES ('PU003', 'MA006', 1)
INSERT INTO DetailPurchaseTransaction VALUES ('PU003', 'MA010', 2)
INSERT INTO DetailPurchaseTransaction VALUES ('PU004', 'MA002', 4)
INSERT INTO DetailPurchaseTransaction VALUES ('PU005', 'MA001', 2)
INSERT INTO DetailPurchaseTransaction VALUES ('PU005', 'MA005', 2)
INSERT INTO DetailPurchaseTransaction VALUES ('PU006', 'MA006', 1)
INSERT INTO DetailPurchaseTransaction VALUES ('PU006', 'MA009', 1)
INSERT INTO DetailPurchaseTransaction VALUES ('PU007', 'MA007', 1)
INSERT INTO DetailPurchaseTransaction VALUES ('PU008', 'MA001', 4)
INSERT INTO DetailPurchaseTransaction VALUES ('PU008', 'MA002', 4)
INSERT INTO DetailPurchaseTransaction VALUES ('PU009', 'MA008', 1)
INSERT INTO DetailPurchaseTransaction VALUES ('PU009', 'MA010', 3)
INSERT INTO DetailPurchaseTransaction VALUES ('PU010', 'MA003', 3)
INSERT INTO DetailPurchaseTransaction VALUES ('PU011', 'MA002', 2)
INSERT INTO DetailPurchaseTransaction VALUES ('PU011', 'MA004', 1)
INSERT INTO DetailPurchaseTransaction VALUES ('PU012', 'MA009', 2)
INSERT INTO DetailPurchaseTransaction VALUES ('PU013', 'MA001', 3)
INSERT INTO DetailPurchaseTransaction VALUES ('PU013', 'MA005', 4)
INSERT INTO DetailPurchaseTransaction VALUES ('PU014', 'MA007', 1)
INSERT INTO DetailPurchaseTransaction VALUES ('PU015', 'MA002', 3)
INSERT INTO DetailPurchaseTransaction VALUES ('PU016', 'MA003', 6)
INSERT INTO DetailPurchaseTransaction VALUES ('PU017', 'MA001', 4)
INSERT INTO DetailPurchaseTransaction VALUES ('PU017', 'MA005', 4)
INSERT INTO DetailPurchaseTransaction VALUES ('PU018', 'MA006', 1)
INSERT INTO DetailPurchaseTransaction VALUES ('PU019', 'MA003', 5)
INSERT INTO DetailPurchaseTransaction VALUES ('PU019', 'MA010', 3)
INSERT INTO DetailPurchaseTransaction VALUES ('PU020', 'MA001', 2)
INSERT INTO DetailPurchaseTransaction VALUES ('PU020', 'MA003', 4)
INSERT INTO DetailPurchaseTransaction VALUES ('PU021', 'MA001', 3)
INSERT INTO DetailPurchaseTransaction VALUES ('PU021', 'MA005', 10)
INSERT INTO DetailPurchaseTransaction VALUES ('PU022', 'MA001', 3)
INSERT INTO DetailPurchaseTransaction VALUES ('PU022', 'MA002', 5)
INSERT INTO DetailPurchaseTransaction VALUES ('PU022', 'MA005', 1)
INSERT INTO DetailPurchaseTransaction VALUES ('PU022', 'MA006', 3)
INSERT INTO DetailPurchaseTransaction VALUES ('PU022', 'MA009', 2)

--DetailServiceTransaction--
INSERT INTO DetailServiceTransaction VALUES ('SR001', 'CL001')
INSERT INTO DetailServiceTransaction VALUES ('SR001', 'CL003')
INSERT INTO DetailServiceTransaction VALUES ('SR001', 'CL010')
INSERT INTO DetailServiceTransaction VALUES ('SR002', 'CL001')
INSERT INTO DetailServiceTransaction VALUES ('SR002', 'CL002')
INSERT INTO DetailServiceTransaction VALUES ('SR003', 'CL009')
INSERT INTO DetailServiceTransaction VALUES ('SR004', 'CL003')
INSERT INTO DetailServiceTransaction VALUES ('SR005', 'CL010')
INSERT INTO DetailServiceTransaction VALUES ('SR006', 'CL007')
INSERT INTO DetailServiceTransaction VALUES ('SR007', 'CL009')
INSERT INTO DetailServiceTransaction VALUES ('SR008', 'CL008')
INSERT INTO DetailServiceTransaction VALUES ('SR009', 'CL004')
INSERT INTO DetailServiceTransaction VALUES ('SR010', 'CL001')
INSERT INTO DetailServiceTransaction VALUES ('SR011', 'CL003')
INSERT INTO DetailServiceTransaction VALUES ('SR012', 'CL005')
INSERT INTO DetailServiceTransaction VALUES ('SR013', 'CL004')
INSERT INTO DetailServiceTransaction VALUES ('SR014', 'CL010')
INSERT INTO DetailServiceTransaction VALUES ('SR015', 'CL006')
INSERT INTO DetailServiceTransaction VALUES ('SR016', 'CL007')
INSERT INTO DetailServiceTransaction VALUES ('SR017', 'CL008')
INSERT INTO DetailServiceTransaction VALUES ('SR018', 'CL009')
INSERT INTO DetailServiceTransaction VALUES ('SR019', 'CL001')
INSERT INTO DetailServiceTransaction VALUES ('SR019', 'CL010')
INSERT INTO DetailServiceTransaction VALUES ('SR020', 'CL004')
INSERT INTO DetailServiceTransaction VALUES ('SR020', 'CL001')
INSERT INTO DetailServiceTransaction VALUES ('SR020', 'CL005')
INSERT INTO DetailServiceTransaction VALUES ('SR020', 'CL006')
INSERT INTO DetailServiceTransaction VALUES ('SR020', 'CL008')

SELECT *
FROM DetailPurchaseTransaction
SELECT *
FROM DetailServiceTransaction
SELECT *
FROM ServiceTransaction
SELECT *
FROM PurchaseTransaction
SELECT *
FROM MsClothes
SELECT *
FROM MsCustomer
SELECT * 
FROM MsVendor
SELECT *
FROM MsMaterial
SELECT *
FROM MsStaff



